Gamesize,AIscore,NodesProcessed,AI,Result
1,-2,0,BaseLine AI,Player_Won
1,4,0,NN+Tree Based Mcts,Dealer_Won
1,9,0,NN+Tree Based Mcts,Dealer_Won
1,-2,3923,Tree Based Mcts,Player_Won
1,5,0,NN+Tree Based Mcts,Dealer_Won
1,5,0,NN+Tree Based Mcts,Dealer_Won
1,4,971,NN+Tree Based Mcts,Dealer_Won
1,-2,0,BaseLine AI,Player_Won
1,3,0,NN+Tree Based Mcts,Dealer_Won
1,-3,1273,Tree Based Mcts,Player_Won
1,3,0,NN+Tree Based Mcts,Dealer_Won
1,3,0,NN+Tree Based Mcts,Dealer_Won
1,-2,1194,NN+Tree Based Mcts,Player_Won
1,-1,0,BaseLine AI,Player_Won
1,2,1294,Tree Based Mcts,Dealer_Won
1,-1,1085,NN+Tree Based Mcts,Player_Won
1,-1,1197,NN+Tree Based Mcts,Player_Won
1,1,2400,NN+Tree Based Mcts,Dealer_Won
1,-4,1513,NN+Tree Based Mcts,Player_Won
1,-1,2493,NN+Tree Based Mcts,Player_Won
1,0,1041,NN+Tree Based Mcts,Drawn
1,1,0,NN+Tree Based Mcts,Dealer_Won
1,-4,2819,NN+Tree Based Mcts,Player_Won
1,4,1086,NN+Tree Based Mcts,Dealer_Won
1,4,624,NN+Tree Based Mcts,Dealer_Won
1,0,1770,NN+Tree Based Mcts,Drawn
1,8,0,NN+Tree Based Mcts,Dealer_Won
1,3,0,NN+Tree Based Mcts,Dealer_Won
1,1,0,NN+Tree Based Mcts,Dealer_Won
1,-2,910,NN+Tree Based Mcts,Player_Won
1,1,1275,NN+Tree Based Mcts,Dealer_Won
1,11,0,NN+Tree Based Mcts,Dealer_Won
1,-3,1093,NN+Tree Based Mcts,Player_Won
1,8,950,Tree Based Mcts,Dealer_Won
1,-1,1368,NN+Tree Based Mcts,Player_Won
1,2,0,NN+Tree Based Mcts,Dealer_Won
1,3,0,NN+Tree Based Mcts,Dealer_Won
1,-2,1229,NN+Tree Based Mcts,Player_Won
1,6,832,NN+Tree Based Mcts,Dealer_Won
1,1,0,NN+Tree Based Mcts,Dealer_Won
1,3,0,NN+Tree Based Mcts,Dealer_Won
1,-5,1444,NN+Tree Based Mcts,Player_Won
1,-4,1430,NN+Tree Based Mcts,Player_Won
1,3,0,NN+Tree Based Mcts,Dealer_Won
1,4,0,NN+Tree Based Mcts,Dealer_Won
1,3,0,NN+Tree Based Mcts,Dealer_Won
1,9,611,NN+Tree Based Mcts,Dealer_Won
1,-1,1920,NN+Tree Based Mcts,Player_Won
1,6,741,NN+Tree Based Mcts,Dealer_Won
1,3,0,NN+Tree Based Mcts,Dealer_Won
2,-1,1261,NN+Tree Based Mcts,Player_Won
2,2,0,NN+Tree Based Mcts,Dealer_Won
2,2,1030,NN+Tree Based Mcts,Dealer_Won
2,3,972,NN+Tree Based Mcts,Dealer_Won
2,8,0,NN+Tree Based Mcts,Dealer_Won
2,-2,1233,NN+Tree Based Mcts,Player_Won
2,-2,2822,NN+Tree Based Mcts,Player_Won
2,0,2571,NN+Tree Based Mcts,Player_Won
2,3,0,NN+Tree Based Mcts,Dealer_Won
2,3,1690,NN+Tree Based Mcts,Dealer_Won
2,1,1177,NN+Tree Based Mcts,Dealer_Won
2,-2,2160,NN+Tree Based Mcts,Player_Won
2,4,0,NN+Tree Based Mcts,Dealer_Won
2,3,0,NN+Tree Based Mcts,Dealer_Won
2,-1,1330,NN+Tree Based Mcts,Player_Won
2,7,0,NN+Tree Based Mcts,Dealer_Won
2,-2,1175,NN+Tree Based Mcts,Player_Won
2,7,0,NN+Tree Based Mcts,Dealer_Won
2,4,0,NN+Tree Based Mcts,Dealer_Won
2,2,1057,NN+Tree Based Mcts,Dealer_Won
2,5,1137,NN+Tree Based Mcts,Dealer_Won
2,-1,1528,NN+Tree Based Mcts,Player_Won
2,-3,1291,NN+Tree Based Mcts,Player_Won
2,0,1711,NN+Tree Based Mcts,Drawn
2,1,0,NN+Tree Based Mcts,Dealer_Won
2,-3,1099,NN+Tree Based Mcts,Player_Won
2,2,0,NN+Tree Based Mcts,Dealer_Won
2,-4,4246,NN+Tree Based Mcts,Player_Won
2,1,1224,NN+Tree Based Mcts,Dealer_Won
2,-2,1301,NN+Tree Based Mcts,Player_Won
2,-1,3995,NN+Tree Based Mcts,Player_Won
2,8,0,NN+Tree Based Mcts,Dealer_Won
2,-5,2869,NN+Tree Based Mcts,Player_Won
2,0,3638,NN+Tree Based Mcts,Drawn
2,-3,1377,NN+Tree Based Mcts,Player_Won
2,1,2967,NN+Tree Based Mcts,Dealer_Won
2,1,2147,NN+Tree Based Mcts,Dealer_Won
2,2,0,NN+Tree Based Mcts,Dealer_Won
2,6,0,NN+Tree Based Mcts,Dealer_Won
2,0,2695,NN+Tree Based Mcts,Drawn
2,1,0,NN+Tree Based Mcts,Dealer_Won
2,1,0,NN+Tree Based Mcts,Dealer_Won
2,3,0,NN+Tree Based Mcts,Dealer_Won
2,-2,1394,NN+Tree Based Mcts,Player_Won
2,4,0,NN+Tree Based Mcts,Dealer_Won
2,-2,2963,NN+Tree Based Mcts,Player_Won
2,4,0,NN+Tree Based Mcts,Dealer_Won
2,3,1315,NN+Tree Based Mcts,Dealer_Won
2,1,0,NN+Tree Based Mcts,Dealer_Won
2,1,1595,NN+Tree Based Mcts,Dealer_Won
3,-4,1203,NN+Tree Based Mcts,Player_Won
3,14,0,NN+Tree Based Mcts,Dealer_Won
3,3,0,NN+Tree Based Mcts,Dealer_Won
3,7,0,NN+Tree Based Mcts,Dealer_Won
3,-5,1303,NN+Tree Based Mcts,Player_Won
3,9,0,NN+Tree Based Mcts,Dealer_Won
3,0,1063,NN+Tree Based Mcts,Drawn
3,3,0,NN+Tree Based Mcts,Dealer_Won
3,2,0,NN+Tree Based Mcts,Dealer_Won
3,-1,1122,NN+Tree Based Mcts,Player_Won
3,7,0,NN+Tree Based Mcts,Dealer_Won
3,10,0,NN+Tree Based Mcts,Dealer_Won
3,1,1019,NN+Tree Based Mcts,Dealer_Won
3,3,0,NN+Tree Based Mcts,Dealer_Won
3,2,1373,NN+Tree Based Mcts,Dealer_Won
3,4,0,NN+Tree Based Mcts,Dealer_Won
3,-1,4506,NN+Tree Based Mcts,Player_Won
3,0,1163,NN+Tree Based Mcts,Drawn
3,5,0,NN+Tree Based Mcts,Dealer_Won
3,-1,2777,NN+Tree Based Mcts,Player_Won
3,0,4661,NN+Tree Based Mcts,Drawn
3,3,0,NN+Tree Based Mcts,Dealer_Won
3,0,2688,NN+Tree Based Mcts,Drawn
3,-4,3104,NN+Tree Based Mcts,Player_Won
3,3,1304,NN+Tree Based Mcts,Dealer_Won
3,10,0,NN+Tree Based Mcts,Dealer_Won
3,-3,1000,NN+Tree Based Mcts,Player_Won
3,12,0,NN+Tree Based Mcts,Dealer_Won
3,0,2324,NN+Tree Based Mcts,Drawn
3,-2,1302,NN+Tree Based Mcts,Player_Won
3,-1,1236,NN+Tree Based Mcts,Player_Won
3,-3,1325,NN+Tree Based Mcts,Player_Won
3,6,0,NN+Tree Based Mcts,Dealer_Won
3,2,0,NN+Tree Based Mcts,Dealer_Won
3,5,0,NN+Tree Based Mcts,Dealer_Won
3,8,0,NN+Tree Based Mcts,Dealer_Won
3,12,0,NN+Tree Based Mcts,Dealer_Won
3,11,0,NN+Tree Based Mcts,Dealer_Won
3,-2,2744,NN+Tree Based Mcts,Player_Won
3,-4,1170,NN+Tree Based Mcts,Player_Won
3,0,1026,NN+Tree Based Mcts,Drawn
3,0,0,NN+Tree Based Mcts,Drawn
3,0,4332,NN+Tree Based Mcts,Drawn
3,-4,2950,NN+Tree Based Mcts,Player_Won
3,0,2695,NN+Tree Based Mcts,Drawn
3,-2,1004,NN+Tree Based Mcts,Player_Won
3,3,0,NN+Tree Based Mcts,Dealer_Won
3,1,2742,NN+Tree Based Mcts,Dealer_Won
3,-2,1526,NN+Tree Based Mcts,Player_Won
3,0,3914,NN+Tree Based Mcts,Drawn
4,5,0,NN+Tree Based Mcts,Dealer_Won
4,1,2137,NN+Tree Based Mcts,Dealer_Won
4,2,1347,NN+Tree Based Mcts,Dealer_Won
4,1,0,NN+Tree Based Mcts,Dealer_Won
4,-4,2616,NN+Tree Based Mcts,Player_Won
4,7,0,NN+Tree Based Mcts,Dealer_Won
4,-2,4160,NN+Tree Based Mcts,Player_Won
4,0,1080,NN+Tree Based Mcts,Drawn
4,-6,2991,NN+Tree Based Mcts,Player_Won
4,-4,2175,NN+Tree Based Mcts,Player_Won
4,1,0,NN+Tree Based Mcts,Dealer_Won
4,-1,2490,NN+Tree Based Mcts,Player_Won
4,2,915,NN+Tree Based Mcts,Dealer_Won
4,1,2820,NN+Tree Based Mcts,Dealer_Won
4,-2,1204,NN+Tree Based Mcts,Player_Won
4,-1,1504,NN+Tree Based Mcts,Player_Won
4,12,0,NN+Tree Based Mcts,Dealer_Won
4,-3,1013,NN+Tree Based Mcts,Player_Won
4,13,0,NN+Tree Based Mcts,Dealer_Won
4,3,0,NN+Tree Based Mcts,Dealer_Won
4,-3,1350,NN+Tree Based Mcts,Player_Won
4,-1,1081,NN+Tree Based Mcts,Player_Won
4,5,0,NN+Tree Based Mcts,Dealer_Won
4,1,0,NN+Tree Based Mcts,Dealer_Won
4,-4,3876,NN+Tree Based Mcts,Player_Won
4,2,1201,NN+Tree Based Mcts,Dealer_Won
4,1,3951,NN+Tree Based Mcts,Dealer_Won
4,1,0,NN+Tree Based Mcts,Dealer_Won
4,4,1185,NN+Tree Based Mcts,Dealer_Won
4,1,0,NN+Tree Based Mcts,Dealer_Won
4,-3,1524,NN+Tree Based Mcts,Player_Won
4,2,0,NN+Tree Based Mcts,Dealer_Won
4,-1,1574,NN+Tree Based Mcts,Player_Won
4,8,0,NN+Tree Based Mcts,Dealer_Won
4,0,2900,NN+Tree Based Mcts,Drawn
4,-1,2268,NN+Tree Based Mcts,Player_Won
4,2,0,NN+Tree Based Mcts,Dealer_Won
4,1,0,NN+Tree Based Mcts,Dealer_Won
4,-3,1396,NN+Tree Based Mcts,Player_Won
4,2,0,NN+Tree Based Mcts,Dealer_Won
4,-1,2136,NN+Tree Based Mcts,Player_Won
4,-1,2358,NN+Tree Based Mcts,Player_Won
4,6,0,NN+Tree Based Mcts,Dealer_Won
4,15,0,NN+Tree Based Mcts,Dealer_Won
4,2,0,NN+Tree Based Mcts,Dealer_Won
4,5,0,NN+Tree Based Mcts,Dealer_Won
4,3,0,NN+Tree Based Mcts,Dealer_Won
4,2,0,NN+Tree Based Mcts,Dealer_Won
4,-1,2399,NN+Tree Based Mcts,Player_Won
4,4,2267,NN+Tree Based Mcts,Dealer_Won
5,4,0,NN+Tree Based Mcts,Dealer_Won
5,-4,1408,NN+Tree Based Mcts,Player_Won
5,2,1443,NN+Tree Based Mcts,Dealer_Won
5,-1,2436,NN+Tree Based Mcts,Player_Won
5,-2,1102,NN+Tree Based Mcts,Player_Won
5,3,0,NN+Tree Based Mcts,Dealer_Won
5,-4,4883,NN+Tree Based Mcts,Player_Won
5,-1,1225,NN+Tree Based Mcts,Player_Won
5,5,0,NN+Tree Based Mcts,Dealer_Won
5,-4,2043,NN+Tree Based Mcts,Player_Won
5,0,3046,NN+Tree Based Mcts,Drawn
5,2,0,NN+Tree Based Mcts,Dealer_Won
5,5,915,NN+Tree Based Mcts,Dealer_Won
5,-1,1326,NN+Tree Based Mcts,Player_Won
5,4,0,NN+Tree Based Mcts,Dealer_Won
5,4,0,NN+Tree Based Mcts,Dealer_Won
5,1,0,NN+Tree Based Mcts,Dealer_Won
5,6,0,NN+Tree Based Mcts,Dealer_Won
5,6,0,NN+Tree Based Mcts,Dealer_Won
5,0,1399,NN+Tree Based Mcts,Drawn
5,14,0,NN+Tree Based Mcts,Dealer_Won
5,1,0,NN+Tree Based Mcts,Dealer_Won
5,1,0,NN+Tree Based Mcts,Dealer_Won
5,13,0,NN+Tree Based Mcts,Dealer_Won
5,0,1159,NN+Tree Based Mcts,Drawn
5,6,0,NN+Tree Based Mcts,Dealer_Won
5,2,0,NN+Tree Based Mcts,Dealer_Won
5,-4,2773,NN+Tree Based Mcts,Player_Won
5,-1,1326,NN+Tree Based Mcts,Player_Won
5,5,0,NN+Tree Based Mcts,Dealer_Won
5,6,0,NN+Tree Based Mcts,Dealer_Won
5,-1,2038,NN+Tree Based Mcts,Player_Won
5,-3,2541,NN+Tree Based Mcts,Player_Won
5,2,0,NN+Tree Based Mcts,Dealer_Won
5,2,0,NN+Tree Based Mcts,Dealer_Won
5,2,2518,NN+Tree Based Mcts,Dealer_Won
5,6,0,NN+Tree Based Mcts,Dealer_Won
5,6,0,NN+Tree Based Mcts,Dealer_Won
5,2,0,NN+Tree Based Mcts,Dealer_Won
5,-2,1617,NN+Tree Based Mcts,Player_Won
5,3,926,NN+Tree Based Mcts,Dealer_Won
5,-1,1387,NN+Tree Based Mcts,Player_Won
5,-2,1085,NN+Tree Based Mcts,Player_Won
5,2,3838,NN+Tree Based Mcts,Dealer_Won
5,4,1305,NN+Tree Based Mcts,Dealer_Won
5,1,0,NN+Tree Based Mcts,Dealer_Won
5,8,0,NN+Tree Based Mcts,Dealer_Won
5,-2,3327,NN+Tree Based Mcts,Player_Won
5,5,0,NN+Tree Based Mcts,Dealer_Won
5,-3,1646,NN+Tree Based Mcts,Player_Won
