Gamesize,AIscore,NodesProcessed,AI,Result
5,4,0,NN+Tree Based Mcts,Dealer_Won
5,-4,1408,NN+Tree Based Mcts,Player_Won
5,2,1443,NN+Tree Based Mcts,Dealer_Won
5,-1,2436,NN+Tree Based Mcts,Player_Won
5,-2,1102,NN+Tree Based Mcts,Player_Won
5,3,0,NN+Tree Based Mcts,Dealer_Won
5,-4,4883,NN+Tree Based Mcts,Player_Won
5,-1,1225,NN+Tree Based Mcts,Player_Won
5,5,0,NN+Tree Based Mcts,Dealer_Won
5,-4,2043,NN+Tree Based Mcts,Player_Won
5,0,3046,NN+Tree Based Mcts,Drawn
5,2,0,NN+Tree Based Mcts,Dealer_Won
5,5,915,NN+Tree Based Mcts,Dealer_Won
5,-1,1326,NN+Tree Based Mcts,Player_Won
5,4,0,NN+Tree Based Mcts,Dealer_Won
5,4,0,NN+Tree Based Mcts,Dealer_Won
5,1,0,NN+Tree Based Mcts,Dealer_Won
5,6,0,NN+Tree Based Mcts,Dealer_Won
5,6,0,NN+Tree Based Mcts,Dealer_Won
5,0,1399,NN+Tree Based Mcts,Drawn
5,14,0,NN+Tree Based Mcts,Dealer_Won
5,1,0,NN+Tree Based Mcts,Dealer_Won
5,1,0,NN+Tree Based Mcts,Dealer_Won
5,13,0,NN+Tree Based Mcts,Dealer_Won
5,0,1159,NN+Tree Based Mcts,Drawn
5,6,0,NN+Tree Based Mcts,Dealer_Won
5,2,0,NN+Tree Based Mcts,Dealer_Won
5,-4,2773,NN+Tree Based Mcts,Player_Won
5,-1,1326,NN+Tree Based Mcts,Player_Won
5,5,0,NN+Tree Based Mcts,Dealer_Won
5,6,0,NN+Tree Based Mcts,Dealer_Won
5,-1,2038,NN+Tree Based Mcts,Player_Won
5,-3,2541,NN+Tree Based Mcts,Player_Won
5,2,0,NN+Tree Based Mcts,Dealer_Won
5,2,0,NN+Tree Based Mcts,Dealer_Won
5,2,2518,NN+Tree Based Mcts,Dealer_Won
5,6,0,NN+Tree Based Mcts,Dealer_Won
5,6,0,NN+Tree Based Mcts,Dealer_Won
5,2,0,NN+Tree Based Mcts,Dealer_Won
5,-2,1617,NN+Tree Based Mcts,Player_Won
5,3,926,NN+Tree Based Mcts,Dealer_Won
5,-1,1387,NN+Tree Based Mcts,Player_Won
5,-2,1085,NN+Tree Based Mcts,Player_Won
5,2,3838,NN+Tree Based Mcts,Dealer_Won
5,4,1305,NN+Tree Based Mcts,Dealer_Won
5,1,0,NN+Tree Based Mcts,Dealer_Won
5,8,0,NN+Tree Based Mcts,Dealer_Won
5,-2,3327,NN+Tree Based Mcts,Player_Won
5,5,0,NN+Tree Based Mcts,Dealer_Won
5,-3,1646,NN+Tree Based Mcts,Player_Won
