Gamesize,AIscore,NodesProcessed,AI,Result
2,-1,1261,NN+Tree Based Mcts,Player_Won
2,2,0,NN+Tree Based Mcts,Dealer_Won
2,2,1030,NN+Tree Based Mcts,Dealer_Won
2,3,972,NN+Tree Based Mcts,Dealer_Won
2,8,0,NN+Tree Based Mcts,Dealer_Won
2,-2,1233,NN+Tree Based Mcts,Player_Won
2,-2,2822,NN+Tree Based Mcts,Player_Won
2,0,2571,NN+Tree Based Mcts,Player_Won
2,3,0,NN+Tree Based Mcts,Dealer_Won
2,3,1690,NN+Tree Based Mcts,Dealer_Won
2,1,1177,NN+Tree Based Mcts,Dealer_Won
2,-2,2160,NN+Tree Based Mcts,Player_Won
2,4,0,NN+Tree Based Mcts,Dealer_Won
2,3,0,NN+Tree Based Mcts,Dealer_Won
2,-1,1330,NN+Tree Based Mcts,Player_Won
2,7,0,NN+Tree Based Mcts,Dealer_Won
2,-2,1175,NN+Tree Based Mcts,Player_Won
2,7,0,NN+Tree Based Mcts,Dealer_Won
2,4,0,NN+Tree Based Mcts,Dealer_Won
2,2,1057,NN+Tree Based Mcts,Dealer_Won
2,5,1137,NN+Tree Based Mcts,Dealer_Won
2,-1,1528,NN+Tree Based Mcts,Player_Won
2,-3,1291,NN+Tree Based Mcts,Player_Won
2,0,1711,NN+Tree Based Mcts,Drawn
2,1,0,NN+Tree Based Mcts,Dealer_Won
2,-3,1099,NN+Tree Based Mcts,Player_Won
2,2,0,NN+Tree Based Mcts,Dealer_Won
2,-4,4246,NN+Tree Based Mcts,Player_Won
2,1,1224,NN+Tree Based Mcts,Dealer_Won
2,-2,1301,NN+Tree Based Mcts,Player_Won
2,-1,3995,NN+Tree Based Mcts,Player_Won
2,8,0,NN+Tree Based Mcts,Dealer_Won
2,-5,2869,NN+Tree Based Mcts,Player_Won
2,0,3638,NN+Tree Based Mcts,Drawn
2,-3,1377,NN+Tree Based Mcts,Player_Won
2,1,2967,NN+Tree Based Mcts,Dealer_Won
2,1,2147,NN+Tree Based Mcts,Dealer_Won
2,2,0,NN+Tree Based Mcts,Dealer_Won
2,6,0,NN+Tree Based Mcts,Dealer_Won
2,0,2695,NN+Tree Based Mcts,Drawn
2,1,0,NN+Tree Based Mcts,Dealer_Won
2,1,0,NN+Tree Based Mcts,Dealer_Won
2,3,0,NN+Tree Based Mcts,Dealer_Won
2,-2,1394,NN+Tree Based Mcts,Player_Won
2,4,0,NN+Tree Based Mcts,Dealer_Won
2,-2,2963,NN+Tree Based Mcts,Player_Won
2,4,0,NN+Tree Based Mcts,Dealer_Won
2,3,1315,NN+Tree Based Mcts,Dealer_Won
2,1,0,NN+Tree Based Mcts,Dealer_Won
2,1,1595,NN+Tree Based Mcts,Dealer_Won
