Gamesize,AIscore,NodesProcessed,AI,Result
3,-4,1203,NN+Tree Based Mcts,Player_Won
3,14,0,NN+Tree Based Mcts,Dealer_Won
3,3,0,NN+Tree Based Mcts,Dealer_Won
3,7,0,NN+Tree Based Mcts,Dealer_Won
3,-5,1303,NN+Tree Based Mcts,Player_Won
3,9,0,NN+Tree Based Mcts,Dealer_Won
3,0,1063,NN+Tree Based Mcts,Drawn
3,3,0,NN+Tree Based Mcts,Dealer_Won
3,2,0,NN+Tree Based Mcts,Dealer_Won
3,-1,1122,NN+Tree Based Mcts,Player_Won
3,7,0,NN+Tree Based Mcts,Dealer_Won
3,10,0,NN+Tree Based Mcts,Dealer_Won
3,1,1019,NN+Tree Based Mcts,Dealer_Won
3,3,0,NN+Tree Based Mcts,Dealer_Won
3,2,1373,NN+Tree Based Mcts,Dealer_Won
3,4,0,NN+Tree Based Mcts,Dealer_Won
3,-1,4506,NN+Tree Based Mcts,Player_Won
3,0,1163,NN+Tree Based Mcts,Drawn
3,5,0,NN+Tree Based Mcts,Dealer_Won
3,-1,2777,NN+Tree Based Mcts,Player_Won
3,0,4661,NN+Tree Based Mcts,Drawn
3,3,0,NN+Tree Based Mcts,Dealer_Won
3,0,2688,NN+Tree Based Mcts,Drawn
3,-4,3104,NN+Tree Based Mcts,Player_Won
3,3,1304,NN+Tree Based Mcts,Dealer_Won
3,10,0,NN+Tree Based Mcts,Dealer_Won
3,-3,1000,NN+Tree Based Mcts,Player_Won
3,12,0,NN+Tree Based Mcts,Dealer_Won
3,0,2324,NN+Tree Based Mcts,Drawn
3,-2,1302,NN+Tree Based Mcts,Player_Won
3,-1,1236,NN+Tree Based Mcts,Player_Won
3,-3,1325,NN+Tree Based Mcts,Player_Won
3,6,0,NN+Tree Based Mcts,Dealer_Won
3,2,0,NN+Tree Based Mcts,Dealer_Won
3,5,0,NN+Tree Based Mcts,Dealer_Won
3,8,0,NN+Tree Based Mcts,Dealer_Won
3,12,0,NN+Tree Based Mcts,Dealer_Won
3,11,0,NN+Tree Based Mcts,Dealer_Won
3,-2,2744,NN+Tree Based Mcts,Player_Won
3,-4,1170,NN+Tree Based Mcts,Player_Won
3,0,1026,NN+Tree Based Mcts,Drawn
3,0,0,NN+Tree Based Mcts,Drawn
3,0,4332,NN+Tree Based Mcts,Drawn
3,-4,2950,NN+Tree Based Mcts,Player_Won
3,0,2695,NN+Tree Based Mcts,Drawn
3,-2,1004,NN+Tree Based Mcts,Player_Won
3,3,0,NN+Tree Based Mcts,Dealer_Won
3,1,2742,NN+Tree Based Mcts,Dealer_Won
3,-2,1526,NN+Tree Based Mcts,Player_Won
3,0,3914,NN+Tree Based Mcts,Drawn
