Gamesize,AIscore,NodesProcessed,AI,Result
4,5,0,NN+Tree Based Mcts,Dealer_Won
4,1,2137,NN+Tree Based Mcts,Dealer_Won
4,2,1347,NN+Tree Based Mcts,Dealer_Won
4,1,0,NN+Tree Based Mcts,Dealer_Won
4,-4,2616,NN+Tree Based Mcts,Player_Won
4,7,0,NN+Tree Based Mcts,Dealer_Won
4,-2,4160,NN+Tree Based Mcts,Player_Won
4,0,1080,NN+Tree Based Mcts,Drawn
4,-6,2991,NN+Tree Based Mcts,Player_Won
4,-4,2175,NN+Tree Based Mcts,Player_Won
4,1,0,NN+Tree Based Mcts,Dealer_Won
4,-1,2490,NN+Tree Based Mcts,Player_Won
4,2,915,NN+Tree Based Mcts,Dealer_Won
4,1,2820,NN+Tree Based Mcts,Dealer_Won
4,-2,1204,NN+Tree Based Mcts,Player_Won
4,-1,1504,NN+Tree Based Mcts,Player_Won
4,12,0,NN+Tree Based Mcts,Dealer_Won
4,-3,1013,NN+Tree Based Mcts,Player_Won
4,13,0,NN+Tree Based Mcts,Dealer_Won
4,3,0,NN+Tree Based Mcts,Dealer_Won
4,-3,1350,NN+Tree Based Mcts,Player_Won
4,-1,1081,NN+Tree Based Mcts,Player_Won
4,5,0,NN+Tree Based Mcts,Dealer_Won
4,1,0,NN+Tree Based Mcts,Dealer_Won
4,-4,3876,NN+Tree Based Mcts,Player_Won
4,2,1201,NN+Tree Based Mcts,Dealer_Won
4,1,3951,NN+Tree Based Mcts,Dealer_Won
4,1,0,NN+Tree Based Mcts,Dealer_Won
4,4,1185,NN+Tree Based Mcts,Dealer_Won
4,1,0,NN+Tree Based Mcts,Dealer_Won
4,-3,1524,NN+Tree Based Mcts,Player_Won
4,2,0,NN+Tree Based Mcts,Dealer_Won
4,-1,1574,NN+Tree Based Mcts,Player_Won
4,8,0,NN+Tree Based Mcts,Dealer_Won
4,0,2900,NN+Tree Based Mcts,Drawn
4,-1,2268,NN+Tree Based Mcts,Player_Won
4,2,0,NN+Tree Based Mcts,Dealer_Won
4,1,0,NN+Tree Based Mcts,Dealer_Won
4,-3,1396,NN+Tree Based Mcts,Player_Won
4,2,0,NN+Tree Based Mcts,Dealer_Won
4,-1,2136,NN+Tree Based Mcts,Player_Won
4,-1,2358,NN+Tree Based Mcts,Player_Won
4,6,0,NN+Tree Based Mcts,Dealer_Won
4,15,0,NN+Tree Based Mcts,Dealer_Won
4,2,0,NN+Tree Based Mcts,Dealer_Won
4,5,0,NN+Tree Based Mcts,Dealer_Won
4,3,0,NN+Tree Based Mcts,Dealer_Won
4,2,0,NN+Tree Based Mcts,Dealer_Won
4,-1,2399,NN+Tree Based Mcts,Player_Won
4,4,2267,NN+Tree Based Mcts,Dealer_Won
