Gamesize,AIscore,NodesProcessed,AI,Result
1,-2,0,BaseLine AI,Player_Won
1,4,0,NN+Tree Based Mcts,Dealer_Won
1,9,0,NN+Tree Based Mcts,Dealer_Won
1,-2,3923,Tree Based Mcts,Player_Won
1,5,0,NN+Tree Based Mcts,Dealer_Won
1,5,0,NN+Tree Based Mcts,Dealer_Won
1,4,971,NN+Tree Based Mcts,Dealer_Won
1,-2,0,BaseLine AI,Player_Won
1,3,0,NN+Tree Based Mcts,Dealer_Won
1,-3,1273,Tree Based Mcts,Player_Won
1,3,0,NN+Tree Based Mcts,Dealer_Won
1,3,0,NN+Tree Based Mcts,Dealer_Won
1,-2,1194,NN+Tree Based Mcts,Player_Won
1,-1,0,BaseLine AI,Player_Won
1,2,1294,Tree Based Mcts,Dealer_Won
1,-1,1085,NN+Tree Based Mcts,Player_Won
1,-1,1197,NN+Tree Based Mcts,Player_Won
1,1,2400,NN+Tree Based Mcts,Dealer_Won
1,-4,1513,NN+Tree Based Mcts,Player_Won
1,-1,2493,NN+Tree Based Mcts,Player_Won
1,0,1041,NN+Tree Based Mcts,Drawn
1,1,0,NN+Tree Based Mcts,Dealer_Won
1,-4,2819,NN+Tree Based Mcts,Player_Won
1,4,1086,NN+Tree Based Mcts,Dealer_Won
1,4,624,NN+Tree Based Mcts,Dealer_Won
1,0,1770,NN+Tree Based Mcts,Drawn
1,8,0,NN+Tree Based Mcts,Dealer_Won
1,3,0,NN+Tree Based Mcts,Dealer_Won
1,1,0,NN+Tree Based Mcts,Dealer_Won
1,-2,910,NN+Tree Based Mcts,Player_Won
1,1,1275,NN+Tree Based Mcts,Dealer_Won
1,11,0,NN+Tree Based Mcts,Dealer_Won
1,-3,1093,NN+Tree Based Mcts,Player_Won
1,8,950,Tree Based Mcts,Dealer_Won
1,-1,1368,NN+Tree Based Mcts,Player_Won
1,2,0,NN+Tree Based Mcts,Dealer_Won
1,3,0,NN+Tree Based Mcts,Dealer_Won
1,-2,1229,NN+Tree Based Mcts,Player_Won
1,6,832,NN+Tree Based Mcts,Dealer_Won
1,1,0,NN+Tree Based Mcts,Dealer_Won
1,3,0,NN+Tree Based Mcts,Dealer_Won
1,-5,1444,NN+Tree Based Mcts,Player_Won
1,-4,1430,NN+Tree Based Mcts,Player_Won
1,3,0,NN+Tree Based Mcts,Dealer_Won
1,4,0,NN+Tree Based Mcts,Dealer_Won
1,3,0,NN+Tree Based Mcts,Dealer_Won
1,9,611,NN+Tree Based Mcts,Dealer_Won
1,-1,1920,NN+Tree Based Mcts,Player_Won
1,6,741,NN+Tree Based Mcts,Dealer_Won
1,3,0,NN+Tree Based Mcts,Dealer_Won
