export_dataframe_tree_5
Gamesize,AIscore,NodesProcessed,AI,Result
5,4,0,Tree Based Mcts,Dealer_Won
5,-4,2349,Tree Based Mcts,Player_Won
5,3,0,Tree Based Mcts,Dealer_Won
5,-3,2852,Tree Based Mcts,Player_Won
5,-2,2873,Tree Based Mcts,Player_Won
5,0,0,Tree Based Mcts,Drawn
5,13,0,Tree Based Mcts,Dealer_Won
5,5,0,Tree Based Mcts,Dealer_Won
5,1,0,Tree Based Mcts,Dealer_Won
5,16,0,Tree Based Mcts,Dealer_Won
5,1,1455,Tree Based Mcts,Dealer_Won
5,-4,1466,Tree Based Mcts,Player_Won
5,14,0,Tree Based Mcts,Dealer_Won
5,-2,1175,Tree Based Mcts,Player_Won
5,0,1152,Tree Based Mcts,Drawn
5,11,0,Tree Based Mcts,Dealer_Won
5,3,0,Tree Based Mcts,Dealer_Won
5,-2,2748,Tree Based Mcts,Player_Won
5,0,3987,Tree Based Mcts,Drawn
5,2,0,Tree Based Mcts,Dealer_Won
5,9,0,Tree Based Mcts,Dealer_Won
5,-1,2593,Tree Based Mcts,Player_Won
5,-1,1333,Tree Based Mcts,Player_Won
5,1,0,Tree Based Mcts,Dealer_Won
5,4,0,Tree Based Mcts,Dealer_Won
5,-2,2086,Tree Based Mcts,Player_Won
5,8,0,Tree Based Mcts,Dealer_Won
5,-3,2842,Tree Based Mcts,Player_Won
5,-2,1466,Tree Based Mcts,Player_Won
5,-3,3768,Tree Based Mcts,Player_Won
5,-2,1253,Tree Based Mcts,Player_Won
5,-1,2398,Tree Based Mcts,Player_Won
5,-4,2735,Tree Based Mcts,Player_Won
5,2,0,Tree Based Mcts,Dealer_Won
5,-2,2488,Tree Based Mcts,Player_Won
5,0,1121,Tree Based Mcts,Drawn
5,-3,2434,Tree Based Mcts,Player_Won
5,-2,3509,Tree Based Mcts,Player_Won
5,-3,2862,Tree Based Mcts,Player_Won
5,1,6444,Tree Based Mcts,Dealer_Won
5,1,0,Tree Based Mcts,Dealer_Won
5,-3,4138,Tree Based Mcts,Player_Won
5,0,2125,Tree Based Mcts,Drawn
5,-1,2034,Tree Based Mcts,Player_Won
5,-5,2101,Tree Based Mcts,Player_Won
5,12,0,Tree Based Mcts,Dealer_Won
5,11,0,Tree Based Mcts,Dealer_Won
5,-3,1359,Tree Based Mcts,Player_Won
5,0,3254,Tree Based Mcts,Drawn
5,6,0,Tree Based Mcts,Dealer_Won
5,-1,2611,Tree Based Mcts,Player_Won
5,9,0,Tree Based Mcts,Dealer_Won
5,0,1124,Tree Based Mcts,Drawn
5,3,0,Tree Based Mcts,Dealer_Won
5,6,0,Tree Based Mcts,Dealer_Won
5,4,0,Tree Based Mcts,Dealer_Won
5,14,0,Tree Based Mcts,Dealer_Won
5,-3,1173,Tree Based Mcts,Player_Won
5,0,2603,Tree Based Mcts,Player_Won
5,-7,4502,Tree Based Mcts,Player_Won
5,4,0,Tree Based Mcts,Dealer_Won
5,-2,1627,Tree Based Mcts,Player_Won
5,0,2730,Tree Based Mcts,Drawn
5,14,0,Tree Based Mcts,Dealer_Won
5,23,0,Tree Based Mcts,Dealer_Won
5,14,0,Tree Based Mcts,Dealer_Won
5,-2,4297,Tree Based Mcts,Player_Won
5,2,0,Tree Based Mcts,Dealer_Won
5,-3,4212,Tree Based Mcts,Player_Won
5,-2,1234,Tree Based Mcts,Player_Won
5,2,0,Tree Based Mcts,Dealer_Won
5,-4,1404,Tree Based Mcts,Player_Won
5,2,0,Tree Based Mcts,Dealer_Won
5,-4,1335,Tree Based Mcts,Player_Won
5,-3,2759,Tree Based Mcts,Player_Won
5,8,0,Tree Based Mcts,Dealer_Won
5,-3,1347,Tree Based Mcts,Player_Won
5,-1,2620,Tree Based Mcts,Player_Won
5,-2,2825,Tree Based Mcts,Player_Won
5,-3,2020,Tree Based Mcts,Player_Won
5,-3,2171,Tree Based Mcts,Player_Won
5,1,1996,Tree Based Mcts,Dealer_Won
5,1,1519,Tree Based Mcts,Dealer_Won
5,14,0,Tree Based Mcts,Dealer_Won
5,1,1044,Tree Based Mcts,Dealer_Won
5,-1,2425,Tree Based Mcts,Player_Won
5,-1,1334,Tree Based Mcts,Player_Won
5,-3,3102,Tree Based Mcts,Player_Won
5,8,0,Tree Based Mcts,Dealer_Won
5,2,0,Tree Based Mcts,Dealer_Won
5,2,1431,Tree Based Mcts,Dealer_Won
5,0,1350,Tree Based Mcts,Drawn
5,0,1124,Tree Based Mcts,Drawn
5,2,0,Tree Based Mcts,Dealer_Won
5,-2,1196,Tree Based Mcts,Player_Won
5,-4,2269,Tree Based Mcts,Player_Won
5,-3,1361,Tree Based Mcts,Player_Won
5,-7,3122,Tree Based Mcts,Player_Won
5,-3,2766,Tree Based Mcts,Player_Won
5,-2,3917,Tree Based Mcts,Player_Won