Gamesize,AIscore,NodesProcessed,AI,Result
4,2,0,Tree Based Mcts,Dealer_Won
4,-4,1284,Tree Based Mcts,Player_Won
4,-1,2618,Tree Based Mcts,Player_Won
4,7,0,Tree Based Mcts,Dealer_Won
4,9,0,Tree Based Mcts,Dealer_Won
4,-1,1412,Tree Based Mcts,Player_Won
4,0,1532,Tree Based Mcts,Drawn
4,-3,2947,Tree Based Mcts,Player_Won
4,14,0,Tree Based Mcts,Dealer_Won
4,-2,1326,Tree Based Mcts,Player_Won
4,9,0,Tree Based Mcts,Dealer_Won
4,7,0,Tree Based Mcts,Dealer_Won
4,1,0,Tree Based Mcts,Dealer_Won
4,1,3923,Tree Based Mcts,Dealer_Won
4,0,1601,Tree Based Mcts,Drawn
4,5,0,Tree Based Mcts,Dealer_Won
4,0,1183,Tree Based Mcts,Drawn
4,-4,4406,Tree Based Mcts,Player_Won
4,-1,2677,Tree Based Mcts,Player_Won
4,-1,1316,Tree Based Mcts,Player_Won
4,-1,1366,Tree Based Mcts,Player_Won
4,1,0,Tree Based Mcts,Dealer_Won
4,2,2370,Tree Based Mcts,Dealer_Won
4,-2,2539,Tree Based Mcts,Player_Won
4,2,0,Tree Based Mcts,Dealer_Won
4,-1,3754,Tree Based Mcts,Player_Won
4,0,1080,Tree Based Mcts,Drawn
4,-3,1361,Tree Based Mcts,Player_Won
4,5,0,Tree Based Mcts,Dealer_Won
4,0,2637,Tree Based Mcts,Drawn
4,-2,3040,Tree Based Mcts,Player_Won
4,-1,1305,Tree Based Mcts,Player_Won
4,13,0,Tree Based Mcts,Dealer_Won
4,3,0,Tree Based Mcts,Dealer_Won
4,9,0,Tree Based Mcts,Dealer_Won
4,-3,2973,Tree Based Mcts,Player_Won
4,8,0,Tree Based Mcts,Dealer_Won
4,1,1251,Tree Based Mcts,Dealer_Won
4,2,3950,Tree Based Mcts,Dealer_Won
4,-4,1410,Tree Based Mcts,Player_Won
4,-4,1331,Tree Based Mcts,Player_Won
4,-2,2761,Tree Based Mcts,Player_Won
4,15,0,Tree Based Mcts,Dealer_Won
4,-2,3441,Tree Based Mcts,Player_Won
4,4,0,Tree Based Mcts,Dealer_Won
4,-1,1152,Tree Based Mcts,Player_Won
4,-2,2592,Tree Based Mcts,Player_Won
4,0,2536,Tree Based Mcts,Drawn
4,0,4760,Tree Based Mcts,Drawn
4,-4,0,Tree Based Mcts,Player_Won
4,-2,1192,Tree Based Mcts,Player_Won
4,5,0,Tree Based Mcts,Dealer_Won
4,0,1036,Tree Based Mcts,Drawn
4,-2,2482,Tree Based Mcts,Player_Won
4,1,3836,Tree Based Mcts,Dealer_Won
4,-3,1224,Tree Based Mcts,Player_Won
4,-2,2813,Tree Based Mcts,Player_Won
4,6,0,Tree Based Mcts,Dealer_Won
4,-3,3020,Tree Based Mcts,Player_Won
4,3,0,Tree Based Mcts,Dealer_Won
4,0,2036,Tree Based Mcts,Drawn
4,-2,1289,Tree Based Mcts,Player_Won
4,-3,6395,Tree Based Mcts,Player_Won
4,-3,2761,Tree Based Mcts,Player_Won
4,9,0,Tree Based Mcts,Dealer_Won
4,-2,2761,Tree Based Mcts,Player_Won
4,1,0,Tree Based Mcts,Dealer_Won
4,-3,2492,Tree Based Mcts,Player_Won
4,1,0,Tree Based Mcts,Dealer_Won
4,2,0,Tree Based Mcts,Dealer_Won
4,-4,2191,Tree Based Mcts,Player_Won
4,-1,4268,Tree Based Mcts,Player_Won
4,-1,2634,Tree Based Mcts,Player_Won
4,-1,2925,Tree Based Mcts,Player_Won
4,-2,1259,Tree Based Mcts,Player_Won
4,8,0,Tree Based Mcts,Dealer_Won
4,-4,4411,Tree Based Mcts,Player_Won
4,-2,1208,Tree Based Mcts,Player_Won
4,-2,2921,Tree Based Mcts,Player_Won
4,2,0,Tree Based Mcts,Dealer_Won
4,-1,1135,Tree Based Mcts,Player_Won
4,1,0,Tree Based Mcts,Dealer_Won
4,-2,3870,Tree Based Mcts,Player_Won
4,8,0,Tree Based Mcts,Dealer_Won
4,-3,4228,Tree Based Mcts,Player_Won
4,3,0,Tree Based Mcts,Dealer_Won
4,1,0,Tree Based Mcts,Dealer_Won
4,-2,1295,Tree Based Mcts,Player_Won
4,2,1449,Tree Based Mcts,Dealer_Won
4,0,1199,Tree Based Mcts,Drawn
4,-3,2633,Tree Based Mcts,Player_Won
4,-3,1351,Tree Based Mcts,Player_Won
4,2,3523,Tree Based Mcts,Dealer_Won
4,5,0,Tree Based Mcts,Dealer_Won
4,-1,3048,Tree Based Mcts,Player_Won
4,-2,2909,Tree Based Mcts,Player_Won
4,-2,1203,Tree Based Mcts,Player_Won
4,0,1462,Tree Based Mcts,Drawn
4,8,0,Tree Based Mcts,Dealer_Won
4,4,0,Tree Based Mcts,Dealer_Won