Gamesize,AIscore,NodesProcessed,AI,Result
3,-2,1913,NN+Tree Based,Player_Won
3,0,597,NN+Tree Based,Drawn
3,-3,2227,NN+Tree Based,Player_Won
3,-1,1017,NN+Tree Based,Player_Won
3,6,0,NN+Tree Based,Dealer_Won
3,3,830,NN+Tree Based,Dealer_Won
3,14,0,NN+Tree Based,Dealer_Won
3,4,0,NN+Tree Based,Dealer_Won
3,9,0,NN+Tree Based,Dealer_Won
3,4,450,NN+Tree Based,Dealer_Won
3,4,1307,NN+Tree Based,Dealer_Won
3,9,0,NN+Tree Based,Dealer_Won
3,4,0,NN+Tree Based,Dealer_Won
3,3,0,NN+Tree Based,Dealer_Won
3,6,0,NN+Tree Based,Dealer_Won
3,1,1152,NN+Tree Based,Dealer_Won
3,6,735,NN+Tree Based,Dealer_Won
3,-5,5066,NN+Tree Based,Player_Won
3,4,0,NN+Tree Based,Dealer_Won
3,2,0,NN+Tree Based,Dealer_Won
3,6,477,NN+Tree Based,Dealer_Won
3,7,567,NN+Tree Based,Dealer_Won
3,3,0,NN+Tree Based,Dealer_Won
3,-3,1005,NN+Tree Based,Player_Won
3,3,1034,NN+Tree Based,Dealer_Won
3,1,1069,NN+Tree Based,Dealer_Won
3,3,707,NN+Tree Based,Dealer_Won
3,1,0,NN+Tree Based,Dealer_Won
3,-2,973,NN+Tree Based,Player_Won
3,8,0,NN+Tree Based,Dealer_Won
3,2,0,NN+Tree Based,Dealer_Won
3,3,0,NN+Tree Based,Dealer_Won
3,6,408,NN+Tree Based,Dealer_Won
3,-1,640,NN+Tree Based,Player_Won
3,-2,3766,NN+Tree Based,Player_Won
3,3,0,NN+Tree Based,Dealer_Won
3,-1,538,NN+Tree Based,Player_Won
3,5,0,NN+Tree Based,Dealer_Won
3,6,0,NN+Tree Based,Dealer_Won
3,1,2813,NN+Tree Based,Dealer_Won
3,0,477,NN+Tree Based,Drawn
3,-5,961,NN+Tree Based,Player_Won
3,7,0,NN+Tree Based,Dealer_Won
3,8,441,NN+Tree Based,Dealer_Won
3,1,1185,NN+Tree Based,Dealer_Won
3,-1,447,NN+Tree Based,Player_Won
3,2,683,NN+Tree Based,Dealer_Won
3,5,0,NN+Tree Based,Dealer_Won
3,-1,625,NN+Tree Based,Player_Won
3,4,414,NN+Tree Based,Dealer_Won
3,6,501,NN+Tree Based,Dealer_Won
3,1,0,NN+Tree Based,Dealer_Won
3,4,0,NN+Tree Based,Dealer_Won
3,0,1624,NN+Tree Based,Drawn
3,1,439,NN+Tree Based,Dealer_Won
3,4,0,NN+Tree Based,Dealer_Won
3,3,0,NN+Tree Based,Dealer_Won
3,3,0,NN+Tree Based,Dealer_Won
3,-2,855,NN+Tree Based,Player_Won
3,5,0,NN+Tree Based,Dealer_Won
3,5,1343,NN+Tree Based,Dealer_Won
3,0,494,NN+Tree Based,Drawn
3,6,512,NN+Tree Based,Dealer_Won
3,1,0,NN+Tree Based,Dealer_Won
3,2,846,NN+Tree Based,Dealer_Won
3,6,1608,NN+Tree Based,Dealer_Won
3,-4,636,NN+Tree Based,Player_Won
3,-3,2552,NN+Tree Based,Player_Won
3,0,1533,NN+Tree Based,Drawn
3,1,1407,NN+Tree Based,Dealer_Won
3,3,1132,NN+Tree Based,Dealer_Won
3,8,0,NN+Tree Based,Dealer_Won
3,5,0,NN+Tree Based,Dealer_Won
3,4,601,NN+Tree Based,Dealer_Won
3,6,0,NN+Tree Based,Dealer_Won
3,-2,1508,NN+Tree Based,Player_Won
3,2,0,NN+Tree Based,Dealer_Won
3,6,492,NN+Tree Based,Dealer_Won
3,-1,707,NN+Tree Based,Player_Won
3,4,726,NN+Tree Based,Dealer_Won
3,0,493,NN+Tree Based,Drawn
3,-3,896,NN+Tree Based,Player_Won
3,2,0,NN+Tree Based,Dealer_Won
3,7,408,NN+Tree Based,Dealer_Won
3,-1,2914,NN+Tree Based,Player_Won
3,4,0,NN+Tree Based,Dealer_Won
3,3,647,NN+Tree Based,Dealer_Won
3,-3,1101,NN+Tree Based,Player_Won
3,3,658,NN+Tree Based,Dealer_Won
3,-4,2910,NN+Tree Based,Player_Won
3,-4,2599,NN+Tree Based,Player_Won
3,9,0,NN+Tree Based,Dealer_Won
3,-1,3023,NN+Tree Based,Player_Won
3,4,633,NN+Tree Based,Dealer_Won
3,4,858,NN+Tree Based,Dealer_Won
3,-4,1193,NN+Tree Based,Player_Won
3,12,0,NN+Tree Based,Dealer_Won
3,5,0,NN+Tree Based,Dealer_Won
3,-1,2363,NN+Tree Based,Player_Won
3,9,0,NN+Tree Based,Dealer_Won