export_dataframe_tree_1
Gamesize,AIscore,NodesProcessed,AI,Result
1,-1,1949,Tree Based Mcts,Player_Won
1,-1,1583,Tree Based Mcts,Player_Won
1,-1,0,Tree Based Mcts,Player_Won
1,0,1482,Tree Based Mcts,Drawn
1,0,1093,Tree Based Mcts,Drawn
1,-4,1400,Tree Based Mcts,Player_Won
1,-3,1319,Tree Based Mcts,Player_Won
1,12,0,Tree Based Mcts,Dealer_Won
1,-3,0,Tree Based Mcts,Player_Won
1,3,0,Tree Based Mcts,Dealer_Won
1,2,1267,Tree Based Mcts,Dealer_Won
1,6,0,Tree Based Mcts,Dealer_Won
1,5,0,Tree Based Mcts,Dealer_Won
1,-2,1258,Tree Based Mcts,Player_Won
1,9,0,Tree Based Mcts,Dealer_Won
1,-4,4119,Tree Based Mcts,Player_Won
1,-2,1253,Tree Based Mcts,Player_Won
1,1,0,Tree Based Mcts,Dealer_Won
1,1,0,Tree Based Mcts,Dealer_Won
1,10,0,Tree Based Mcts,Dealer_Won
1,-1,2391,Tree Based Mcts,Player_Won
1,0,0,Tree Based Mcts,Drawn
1,-4,2148,Tree Based Mcts,Player_Won
1,6,0,Tree Based Mcts,Dealer_Won
1,-1,2483,Tree Based Mcts,Player_Won
1,-2,1265,Tree Based Mcts,Player_Won
1,0,2428,Tree Based Mcts,Drawn
1,9,0,Tree Based Mcts,Dealer_Won
1,6,0,Tree Based Mcts,Dealer_Won
1,-3,2152,Tree Based Mcts,Player_Won
1,6,0,Tree Based Mcts,Dealer_Won
1,-1,1490,Tree Based Mcts,Player_Won
1,7,0,Tree Based Mcts,Dealer_Won
1,-3,3020,Tree Based Mcts,Player_Won
1,9,0,Tree Based Mcts,Dealer_Won
1,4,0,Tree Based Mcts,Dealer_Won
1,-3,1357,Tree Based Mcts,Player_Won
1,3,0,Tree Based Mcts,Dealer_Won
1,-2,1381,Tree Based Mcts,Player_Won
1,-1,1374,Tree Based Mcts,Player_Won
1,3,0,Tree Based Mcts,Dealer_Won
1,-1,1527,Tree Based Mcts,Player_Won
1,6,0,Tree Based Mcts,Dealer_Won
1,-5,2672,Tree Based Mcts,Player_Won
1,1,0,Tree Based Mcts,Dealer_Won
1,2,0,Tree Based Mcts,Dealer_Won
1,-5,1373,Tree Based Mcts,Player_Won
1,-1,2608,Tree Based Mcts,Player_Won
1,1,2238,Tree Based Mcts,Dealer_Won
1,14,0,Tree Based Mcts,Dealer_Won
1,-1,1077,Tree Based Mcts,Player_Won
1,-3,1343,Tree Based Mcts,Player_Won
1,-1,2795,Tree Based Mcts,Player_Won
1,2,1292,Tree Based Mcts,Dealer_Won
1,3,1109,Tree Based Mcts,Dealer_Won
1,9,0,Tree Based Mcts,Dealer_Won
1,-1,2676,Tree Based Mcts,Player_Won
1,7,0,Tree Based Mcts,Dealer_Won
1,-2,1249,Tree Based Mcts,Player_Won
1,10,0,Tree Based Mcts,Dealer_Won
1,1,0,Tree Based Mcts,Dealer_Won
1,5,0,Tree Based Mcts,Dealer_Won
1,1,0,Tree Based Mcts,Dealer_Won
1,-2,4938,Tree Based Mcts,Player_Won
1,6,0,Tree Based Mcts,Dealer_Won
1,1,0,Tree Based Mcts,Dealer_Won
1,0,1217,Tree Based Mcts,Drawn
1,1,0,Tree Based Mcts,Dealer_Won
1,2,0,Tree Based Mcts,Dealer_Won
1,-5,2373,Tree Based Mcts,Player_Won
1,-1,1918,Tree Based Mcts,Player_Won
1,-2,2613,Tree Based Mcts,Player_Won
1,14,0,Tree Based Mcts,Dealer_Won
1,3,0,Tree Based Mcts,Dealer_Won
1,1,2750,Tree Based Mcts,Dealer_Won
1,-5,1286,Tree Based Mcts,Player_Won
1,-3,1325,Tree Based Mcts,Player_Won
1,-3,3021,Tree Based Mcts,Player_Won
1,-1,2633,Tree Based Mcts,Player_Won
1,0,8629,Tree Based Mcts,Drawn
1,-3,2802,Tree Based Mcts,Player_Won
1,6,0,Tree Based Mcts,Dealer_Won
1,3,0,Tree Based Mcts,Dealer_Won
1,-2,1482,Tree Based Mcts,Player_Won
1,9,0,Tree Based Mcts,Dealer_Won
1,3,1321,Tree Based Mcts,Dealer_Won
1,8,0,Tree Based Mcts,Dealer_Won
1,1,0,Tree Based Mcts,Dealer_Won
1,-1,1135,Tree Based Mcts,Player_Won
1,-2,2411,Tree Based Mcts,Player_Won
1,0,2631,Tree Based Mcts,Drawn
1,8,0,Tree Based Mcts,Dealer_Won
1,-5,1376,Tree Based Mcts,Player_Won
1,1,0,Tree Based Mcts,Dealer_Won
1,-2,1303,Tree Based Mcts,Player_Won
1,1,1415,Tree Based Mcts,Dealer_Won
1,-2,4209,Tree Based Mcts,Player_Won
1,12,0,Tree Based Mcts,Dealer_Won
1,-1,0,Tree Based Mcts,Player_Won
1,0,1183,Tree Based Mcts,Drawn