export_dataframe_nn_2
Gamesize,AIscore,NodesProcessed,AI,Result
2,4,0,NN+Tree Based,Dealer_Won
2,2,0,NN+Tree Based,Dealer_Won
2,4,0,NN+Tree Based,Dealer_Won
2,7,0,NN+Tree Based,Dealer_Won
2,-3,2100,NN+Tree Based,Player_Won
2,-1,9054,NN+Tree Based,Player_Won
2,-5,2188,NN+Tree Based,Player_Won
2,6,418,NN+Tree Based,Dealer_Won
2,2,980,NN+Tree Based,Dealer_Won
2,-3,1008,NN+Tree Based,Player_Won
2,0,1711,NN+Tree Based,Drawn
2,6,0,NN+Tree Based,Dealer_Won
2,4,873,NN+Tree Based,Dealer_Won
2,4,0,NN+Tree Based,Dealer_Won
2,1,1034,NN+Tree Based,Dealer_Won
2,7,0,NN+Tree Based,Dealer_Won
2,9,419,NN+Tree Based,Dealer_Won
2,-1,1883,NN+Tree Based,Player_Won
2,1,1139,NN+Tree Based,Dealer_Won
2,-2,2154,NN+Tree Based,Player_Won
2,-1,702,NN+Tree Based,Player_Won
2,3,800,NN+Tree Based,Dealer_Won
2,5,0,NN+Tree Based,Dealer_Won
2,11,0,NN+Tree Based,Dealer_Won
2,7,0,NN+Tree Based,Dealer_Won
2,11,0,NN+Tree Based,Dealer_Won
2,2,0,NN+Tree Based,Dealer_Won
2,6,901,NN+Tree Based,Dealer_Won
2,0,609,NN+Tree Based,Drawn
2,1,0,NN+Tree Based,Dealer_Won
2,1,2679,NN+Tree Based,Dealer_Won
2,6,0,NN+Tree Based,Dealer_Won
2,9,0,NN+Tree Based,Dealer_Won
2,2,778,NN+Tree Based,Dealer_Won
2,1,4754,NN+Tree Based,Dealer_Won
2,-2,883,NN+Tree Based,Player_Won
2,0,607,NN+Tree Based,Drawn
2,-1,2995,NN+Tree Based,Player_Won
2,5,0,NN+Tree Based,Dealer_Won
2,1,1016,NN+Tree Based,Dealer_Won
2,-1,757,NN+Tree Based,Player_Won
2,1,943,NN+Tree Based,Dealer_Won
2,6,1899,NN+Tree Based,Dealer_Won
2,2,0,NN+Tree Based,Dealer_Won
2,-1,720,NN+Tree Based,Player_Won
2,5,0,NN+Tree Based,Dealer_Won
2,0,746,NN+Tree Based,Drawn
2,3,0,NN+Tree Based,Dealer_Won
2,7,0,NN+Tree Based,Dealer_Won
2,6,446,NN+Tree Based,Dealer_Won
2,6,0,NN+Tree Based,Dealer_Won
2,2,0,NN+Tree Based,Dealer_Won
2,0,1503,NN+Tree Based,Drawn
2,7,0,NN+Tree Based,Dealer_Won
2,1,0,NN+Tree Based,Dealer_Won
2,13,0,NN+Tree Based,Dealer_Won
2,2,475,NN+Tree Based,Dealer_Won
2,-2,781,NN+Tree Based,Player_Won
2,3,0,NN+Tree Based,Dealer_Won
2,-2,2164,NN+Tree Based,Player_Won
2,1,0,NN+Tree Based,Dealer_Won
2,2,0,NN+Tree Based,Dealer_Won
2,7,0,NN+Tree Based,Dealer_Won
2,6,476,NN+Tree Based,Dealer_Won
2,6,0,NN+Tree Based,Dealer_Won
2,1,0,NN+Tree Based,Dealer_Won
2,-1,1014,NN+Tree Based,Player_Won
2,2,0,NN+Tree Based,Dealer_Won
2,3,0,NN+Tree Based,Dealer_Won
2,4,0,NN+Tree Based,Dealer_Won
2,-4,2729,NN+Tree Based,Player_Won
2,8,617,NN+Tree Based,Dealer_Won
2,7,0,NN+Tree Based,Dealer_Won
2,4,0,NN+Tree Based,Dealer_Won
2,1,1000,NN+Tree Based,Dealer_Won
2,4,0,NN+Tree Based,Dealer_Won
2,0,773,NN+Tree Based,Drawn
2,1,0,NN+Tree Based,Dealer_Won
2,2,0,NN+Tree Based,Dealer_Won
2,1,0,NN+Tree Based,Dealer_Won
2,15,0,NN+Tree Based,Dealer_Won
2,5,0,NN+Tree Based,Dealer_Won
2,9,726,NN+Tree Based,Dealer_Won
2,9,327,NN+Tree Based,Dealer_Won
2,3,483,NN+Tree Based,Dealer_Won
2,9,0,NN+Tree Based,Dealer_Won
2,6,777,NN+Tree Based,Dealer_Won
2,0,687,NN+Tree Based,Drawn
2,5,0,NN+Tree Based,Dealer_Won
2,4,0,NN+Tree Based,Dealer_Won
2,-1,1494,NN+Tree Based,Player_Won
2,3,0,NN+Tree Based,Dealer_Won
2,-1,748,NN+Tree Based,Player_Won
2,-5,813,NN+Tree Based,Player_Won
2,2,0,NN+Tree Based,Dealer_Won
2,-1,1453,NN+Tree Based,Player_Won
2,1,741,NN+Tree Based,Dealer_Won
2,9,0,NN+Tree Based,Dealer_Won
2,1,2304,NN+Tree Based,Dealer_Won
2,1,0,NN+Tree Based,Dealer_Won
3,-2,1913,NN+Tree Based,Player_Won
3,0,597,NN+Tree Based,Drawn
3,-3,2227,NN+Tree Based,Player_Won
3,-1,1017,NN+Tree Based,Player_Won
3,6,0,NN+Tree Based,Dealer_Won
3,3,830,NN+Tree Based,Dealer_Won
3,14,0,NN+Tree Based,Dealer_Won
3,4,0,NN+Tree Based,Dealer_Won
3,9,0,NN+Tree Based,Dealer_Won
3,4,450,NN+Tree Based,Dealer_Won
3,4,1307,NN+Tree Based,Dealer_Won
3,9,0,NN+Tree Based,Dealer_Won
3,4,0,NN+Tree Based,Dealer_Won
3,3,0,NN+Tree Based,Dealer_Won
3,6,0,NN+Tree Based,Dealer_Won
3,1,1152,NN+Tree Based,Dealer_Won
3,6,735,NN+Tree Based,Dealer_Won
3,-5,5066,NN+Tree Based,Player_Won
3,4,0,NN+Tree Based,Dealer_Won
3,2,0,NN+Tree Based,Dealer_Won
3,6,477,NN+Tree Based,Dealer_Won
3,7,567,NN+Tree Based,Dealer_Won
3,3,0,NN+Tree Based,Dealer_Won
3,-3,1005,NN+Tree Based,Player_Won
3,3,1034,NN+Tree Based,Dealer_Won
3,1,1069,NN+Tree Based,Dealer_Won
3,3,707,NN+Tree Based,Dealer_Won
3,1,0,NN+Tree Based,Dealer_Won
3,-2,973,NN+Tree Based,Player_Won
3,8,0,NN+Tree Based,Dealer_Won
3,2,0,NN+Tree Based,Dealer_Won
3,3,0,NN+Tree Based,Dealer_Won
3,6,408,NN+Tree Based,Dealer_Won
3,-1,640,NN+Tree Based,Player_Won
3,-2,3766,NN+Tree Based,Player_Won
3,3,0,NN+Tree Based,Dealer_Won
3,-1,538,NN+Tree Based,Player_Won
3,5,0,NN+Tree Based,Dealer_Won
3,6,0,NN+Tree Based,Dealer_Won
3,1,2813,NN+Tree Based,Dealer_Won
3,0,477,NN+Tree Based,Drawn
3,-5,961,NN+Tree Based,Player_Won
3,7,0,NN+Tree Based,Dealer_Won
3,8,441,NN+Tree Based,Dealer_Won
3,1,1185,NN+Tree Based,Dealer_Won
3,-1,447,NN+Tree Based,Player_Won
3,2,683,NN+Tree Based,Dealer_Won
3,5,0,NN+Tree Based,Dealer_Won
3,-1,625,NN+Tree Based,Player_Won
3,4,414,NN+Tree Based,Dealer_Won
3,6,501,NN+Tree Based,Dealer_Won
3,1,0,NN+Tree Based,Dealer_Won
3,4,0,NN+Tree Based,Dealer_Won
3,0,1624,NN+Tree Based,Drawn
3,1,439,NN+Tree Based,Dealer_Won
3,4,0,NN+Tree Based,Dealer_Won
3,3,0,NN+Tree Based,Dealer_Won
3,3,0,NN+Tree Based,Dealer_Won
3,-2,855,NN+Tree Based,Player_Won
3,5,0,NN+Tree Based,Dealer_Won
3,5,1343,NN+Tree Based,Dealer_Won
3,0,494,NN+Tree Based,Drawn
3,6,512,NN+Tree Based,Dealer_Won
3,1,0,NN+Tree Based,Dealer_Won
3,2,846,NN+Tree Based,Dealer_Won
3,6,1608,NN+Tree Based,Dealer_Won
3,-4,636,NN+Tree Based,Player_Won
3,-3,2552,NN+Tree Based,Player_Won
3,0,1533,NN+Tree Based,Drawn
3,1,1407,NN+Tree Based,Dealer_Won
3,3,1132,NN+Tree Based,Dealer_Won
3,8,0,NN+Tree Based,Dealer_Won
3,5,0,NN+Tree Based,Dealer_Won
3,4,601,NN+Tree Based,Dealer_Won
3,6,0,NN+Tree Based,Dealer_Won
3,-2,1508,NN+Tree Based,Player_Won
3,2,0,NN+Tree Based,Dealer_Won
3,6,492,NN+Tree Based,Dealer_Won
3,-1,707,NN+Tree Based,Player_Won
3,4,726,NN+Tree Based,Dealer_Won
3,0,493,NN+Tree Based,Drawn
3,-3,896,NN+Tree Based,Player_Won
3,2,0,NN+Tree Based,Dealer_Won
3,7,408,NN+Tree Based,Dealer_Won
3,-1,2914,NN+Tree Based,Player_Won
3,4,0,NN+Tree Based,Dealer_Won
3,3,647,NN+Tree Based,Dealer_Won
3,-3,1101,NN+Tree Based,Player_Won
3,3,658,NN+Tree Based,Dealer_Won
3,-4,2910,NN+Tree Based,Player_Won
3,-4,2599,NN+Tree Based,Player_Won
3,9,0,NN+Tree Based,Dealer_Won
3,-1,3023,NN+Tree Based,Player_Won
3,4,633,NN+Tree Based,Dealer_Won
3,4,858,NN+Tree Based,Dealer_Won
3,-4,1193,NN+Tree Based,Player_Won
3,12,0,NN+Tree Based,Dealer_Won
3,5,0,NN+Tree Based,Dealer_Won
3,-1,2363,NN+Tree Based,Player_Won
3,9,0,NN+Tree Based,Dealer_Won