export_dataframe_nn_1
Gamesize,AIscore,NodesProcessed,AI,Result
1,0,807,NN+Tree Based,Drawn
1,4,0,NN+Tree Based,Dealer_Won
1,9,0,NN+Tree Based,Dealer_Won
1,1,0,NN+Tree Based,Dealer_Won
1,0,1748,NN+Tree Based,Drawn
1,-4,0,NN+Tree Based,Player_Won
1,-1,954,NN+Tree Based,Player_Won
1,-2,3542,NN+Tree Based,Player_Won
1,-3,1118,NN+Tree Based,Player_Won
1,0,833,NN+Tree Based,Drawn
1,-5,4515,NN+Tree Based,Player_Won
1,-2,974,NN+Tree Based,Player_Won
1,-1,1408,NN+Tree Based,Player_Won
1,3,0,NN+Tree Based,Dealer_Won
1,15,0,NN+Tree Based,Dealer_Won
1,4,0,BaseLine AI,Dealer_Won
1,15,0,NN+Tree Based,Dealer_Won
1,5,0,NN+Tree Based,Dealer_Won
1,0,1688,NN+Tree Based,Drawn
1,2,0,NN+Tree Based,Dealer_Won
1,3,1041,NN+Tree Based,Dealer_Won
1,1,1161,NN+Tree Based,Dealer_Won
1,10,0,NN+Tree Based,Dealer_Won
1,2,0,NN+Tree Based,Dealer_Won
1,-1,766,NN+Tree Based,Player_Won
1,0,1846,NN+Tree Based,Drawn
1,2,1493,NN+Tree Based,Dealer_Won
1,2,0,NN+Tree Based,Dealer_Won
1,1,0,NN+Tree Based,Dealer_Won
1,-3,1028,NN+Tree Based,Player_Won
1,-3,1136,NN+Tree Based,Player_Won
1,5,863,NN+Tree Based,Dealer_Won
1,-3,1067,NN+Tree Based,Player_Won
1,4,0,NN+Tree Based,Dealer_Won
1,-2,1133,NN+Tree Based,Player_Won
1,-1,2249,NN+Tree Based,Player_Won
1,-4,1069,NN+Tree Based,Player_Won
1,0,833,NN+Tree Based,Drawn
1,-1,843,NN+Tree Based,Player_Won
1,1,1065,NN+Tree Based,Dealer_Won
1,5,0,NN+Tree Based,Dealer_Won
1,-4,1125,NN+Tree Based,Player_Won
1,1,0,NN+Tree Based,Dealer_Won
1,-2,2839,NN+Tree Based,Player_Won
1,-1,2638,NN+Tree Based,Player_Won
1,-3,2437,NN+Tree Based,Player_Won
1,-2,2630,NN+Tree Based,Player_Won
1,-2,960,NN+Tree Based,Player_Won
1,1,2149,NN+Tree Based,Dealer_Won
1,-3,3019,NN+Tree Based,Player_Won
1,3,0,NN+Tree Based,Dealer_Won
1,-3,2130,NN+Tree Based,Player_Won
1,5,0,NN+Tree Based,Dealer_Won
1,-2,1157,NN+Tree Based,Player_Won
1,2,0,NN+Tree Based,Dealer_Won
1,3,2363,NN+Tree Based,Dealer_Won
1,8,0,NN+Tree Based,Dealer_Won
1,3,0,NN+Tree Based,Dealer_Won
1,5,0,NN+Tree Based,Dealer_Won
1,3,0,NN+Tree Based,Dealer_Won
1,-2,900,NN+Tree Based,Player_Won
1,0,817,NN+Tree Based,Drawn
1,-2,1370,NN+Tree Based,Player_Won
1,-2,3677,NN+Tree Based,Player_Won
1,-2,2314,NN+Tree Based,Player_Won
1,9,0,NN+Tree Based,Dealer_Won
1,2,1124,NN+Tree Based,Dealer_Won
1,-2,779,NN+Tree Based,Player_Won
1,4,716,NN+Tree Based,Dealer_Won
1,0,1897,NN+Tree Based,Drawn
1,-4,1289,NN+Tree Based,Player_Won
1,-3,989,NN+Tree Based,Player_Won
1,-3,926,NN+Tree Based,Player_Won
1,2,947,NN+Tree Based,Dealer_Won
1,0,2751,NN+Tree Based,Drawn
1,-2,2199,NN+Tree Based,Player_Won
1,4,0,NN+Tree Based,Dealer_Won
1,2,0,NN+Tree Based,Dealer_Won
1,8,0,NN+Tree Based,Dealer_Won
1,3,2500,NN+Tree Based,Dealer_Won
1,-2,1194,NN+Tree Based,Player_Won
1,1,1065,NN+Tree Based,Dealer_Won
1,1,1289,NN+Tree Based,Dealer_Won
1,2,0,NN+Tree Based,Dealer_Won
1,-1,2636,NN+Tree Based,Player_Won
1,6,685,NN+Tree Based,Dealer_Won
1,6,0,NN+Tree Based,Dealer_Won
1,-3,839,NN+Tree Based,Player_Won
1,5,623,NN+Tree Based,Dealer_Won
1,-2,1441,NN+Tree Based,Player_Won
1,9,0,NN+Tree Based,Dealer_Won
1,7,0,NN+Tree Based,Dealer_Won
1,0,3639,NN+Tree Based,Drawn
1,4,0,NN+Tree Based,Dealer_Won
1,0,0,NN+Tree Based,Drawn
1,-2,2345,NN+Tree Based,Player_Won
1,3,0,NN+Tree Based,Dealer_Won
1,13,0,NN+Tree Based,Dealer_Won
1,7,0,NN+Tree Based,Dealer_Won
1,7,0,NN+Tree Based,Dealer_Won