export_dataframe_nn_4
Gamesize,AIscore,NodesProcessed,AI,Result
4,4,1335,NN+Tree Based,Dealer_Won
4,2,812,NN+Tree Based,Dealer_Won
4,3,746,NN+Tree Based,Dealer_Won
4,1,1257,NN+Tree Based,Dealer_Won
4,8,0,NN+Tree Based,Dealer_Won
4,1,871,NN+Tree Based,Dealer_Won
4,-1,2414,NN+Tree Based,Player_Won
4,-3,1843,NN+Tree Based,Player_Won
4,0,487,NN+Tree Based,Drawn
4,8,936,NN+Tree Based,Dealer_Won
4,5,0,NN+Tree Based,Dealer_Won
4,6,0,NN+Tree Based,Dealer_Won
4,4,0,NN+Tree Based,Dealer_Won
4,7,0,NN+Tree Based,Dealer_Won
4,-3,1771,NN+Tree Based,Player_Won
4,2,0,NN+Tree Based,Dealer_Won
4,7,441,NN+Tree Based,Dealer_Won
4,2,0,NN+Tree Based,Dealer_Won
4,5,0,NN+Tree Based,Dealer_Won
4,15,0,NN+Tree Based,Dealer_Won
4,4,0,NN+Tree Based,Dealer_Won
4,-2,610,NN+Tree Based,Player_Won
4,-4,843,NN+Tree Based,Player_Won
4,-2,1789,NN+Tree Based,Player_Won
4,1,0,NN+Tree Based,Dealer_Won
4,3,696,NN+Tree Based,Dealer_Won
4,12,0,NN+Tree Based,Dealer_Won
4,1,0,NN+Tree Based,Dealer_Won
4,5,0,NN+Tree Based,Dealer_Won
4,1,0,NN+Tree Based,Dealer_Won
4,5,0,NN+Tree Based,Dealer_Won
4,3,0,NN+Tree Based,Dealer_Won
4,4,0,NN+Tree Based,Dealer_Won
4,-1,633,NN+Tree Based,Player_Won
4,12,0,NN+Tree Based,Dealer_Won
4,-2,933,NN+Tree Based,Player_Won
4,-1,1836,NN+Tree Based,Player_Won
4,10,213,NN+Tree Based,Dealer_Won
4,2,535,NN+Tree Based,Dealer_Won
4,-2,532,NN+Tree Based,Player_Won
4,5,435,NN+Tree Based,Dealer_Won
4,5,0,NN+Tree Based,Dealer_Won
4,1,0,NN+Tree Based,Dealer_Won
4,5,0,NN+Tree Based,Dealer_Won
4,3,0,NN+Tree Based,Dealer_Won
4,4,0,NN+Tree Based,Dealer_Won
4,9,417,NN+Tree Based,Dealer_Won
4,2,0,NN+Tree Based,Dealer_Won
4,7,0,NN+Tree Based,Dealer_Won
4,0,479,NN+Tree Based,Drawn
4,1,0,NN+Tree Based,Dealer_Won
4,0,0,NN+Tree Based,Drawn
4,-1,1980,NN+Tree Based,Player_Won
4,14,0,NN+Tree Based,Dealer_Won
4,6,0,NN+Tree Based,Dealer_Won
4,4,0,NN+Tree Based,Dealer_Won
4,10,0,NN+Tree Based,Dealer_Won
4,1,2643,NN+Tree Based,Dealer_Won
4,-2,850,NN+Tree Based,Player_Won
4,-1,442,NN+Tree Based,Player_Won
4,3,0,NN+Tree Based,Dealer_Won
4,1,0,NN+Tree Based,Dealer_Won
4,5,0,NN+Tree Based,Dealer_Won
4,8,0,NN+Tree Based,Dealer_Won
4,-1,550,NN+Tree Based,Player_Won
4,1,0,NN+Tree Based,Dealer_Won
4,9,0,NN+Tree Based,Dealer_Won
4,0,563,NN+Tree Based,Drawn
4,6,497,NN+Tree Based,Dealer_Won
4,1,687,NN+Tree Based,Dealer_Won
4,2,0,NN+Tree Based,Dealer_Won
4,6,0,NN+Tree Based,Dealer_Won
4,4,0,NN+Tree Based,Dealer_Won
4,-2,3095,NN+Tree Based,Player_Won
4,5,0,NN+Tree Based,Dealer_Won
4,11,362,NN+Tree Based,Dealer_Won
4,1,0,NN+Tree Based,Dealer_Won
4,0,5971,NN+Tree Based,Drawn
4,5,0,NN+Tree Based,Dealer_Won
4,3,1764,NN+Tree Based,Dealer_Won
4,-2,774,NN+Tree Based,Player_Won
4,-1,2013,NN+Tree Based,Player_Won
4,1,0,NN+Tree Based,Dealer_Won
4,2,1164,NN+Tree Based,Dealer_Won
4,3,0,NN+Tree Based,Dealer_Won
4,7,0,NN+Tree Based,Dealer_Won
4,4,0,NN+Tree Based,Dealer_Won
4,-2,484,NN+Tree Based,Player_Won
4,3,0,NN+Tree Based,Dealer_Won
4,2,0,NN+Tree Based,Dealer_Won
4,5,0,NN+Tree Based,Dealer_Won
4,8,0,NN+Tree Based,Dealer_Won
4,-2,501,NN+Tree Based,Player_Won
4,1,1900,NN+Tree Based,Dealer_Won
4,-2,618,NN+Tree Based,Player_Won
4,2,947,NN+Tree Based,Dealer_Won
4,10,0,NN+Tree Based,Dealer_Won
4,9,0,NN+Tree Based,Dealer_Won
4,6,329,NN+Tree Based,Dealer_Won
4,1,0,NN+Tree Based,Dealer_Won