export_dataframe_tree_3
Gamesize,AIscore,NodesProcessed,AI,Result
3,9,0,Tree Based Mcts,Dealer_Won
3,3,0,Tree Based Mcts,Dealer_Won
3,11,0,Tree Based Mcts,Dealer_Won
3,-5,1458,Tree Based Mcts,Player_Won
3,-1,2431,Tree Based Mcts,Player_Won
3,1,0,Tree Based Mcts,Dealer_Won
3,2,0,Tree Based Mcts,Dealer_Won
3,0,3451,Tree Based Mcts,Drawn
3,-2,1565,Tree Based Mcts,Player_Won
3,9,0,Tree Based Mcts,Dealer_Won
3,-2,1237,Tree Based Mcts,Player_Won
3,9,0,Tree Based Mcts,Dealer_Won
3,-6,0,Tree Based Mcts,Player_Won
3,8,0,Tree Based Mcts,Dealer_Won
3,0,3712,Tree Based Mcts,Drawn
3,6,0,Tree Based Mcts,Dealer_Won
3,3,0,Tree Based Mcts,Dealer_Won
3,-1,2772,Tree Based Mcts,Player_Won
3,-3,1417,Tree Based Mcts,Player_Won
3,-2,2556,Tree Based Mcts,Player_Won
3,3,0,Tree Based Mcts,Dealer_Won
3,-3,2230,Tree Based Mcts,Player_Won
3,0,2226,Tree Based Mcts,Drawn
3,15,0,Tree Based Mcts,Dealer_Won
3,-2,2732,Tree Based Mcts,Player_Won
3,7,0,Tree Based Mcts,Dealer_Won
3,-2,3857,Tree Based Mcts,Player_Won
3,-2,1324,Tree Based Mcts,Player_Won
3,-1,2846,Tree Based Mcts,Player_Won
3,0,1188,Tree Based Mcts,Drawn
3,1,0,Tree Based Mcts,Dealer_Won
3,-5,3725,Tree Based Mcts,Player_Won
3,2,0,Tree Based Mcts,Dealer_Won
3,-5,2940,Tree Based Mcts,Player_Won
3,-1,2197,Tree Based Mcts,Player_Won
3,0,1095,Tree Based Mcts,Drawn
3,1,0,Tree Based Mcts,Dealer_Won
3,1,0,Tree Based Mcts,Dealer_Won
3,0,1121,Tree Based Mcts,Drawn
3,-3,2425,Tree Based Mcts,Player_Won
3,9,0,Tree Based Mcts,Dealer_Won
3,0,1931,Tree Based Mcts,Drawn
3,7,0,Tree Based Mcts,Dealer_Won
3,-1,1467,Tree Based Mcts,Player_Won
3,14,0,Tree Based Mcts,Dealer_Won
3,4,0,Tree Based Mcts,Dealer_Won
3,-2,2504,Tree Based Mcts,Player_Won
3,-2,1228,Tree Based Mcts,Player_Won
3,9,0,Tree Based Mcts,Dealer_Won
3,0,1145,Tree Based Mcts,Drawn
3,3,0,Tree Based Mcts,Dealer_Won
3,5,0,Tree Based Mcts,Dealer_Won
3,-1,3037,Tree Based Mcts,Player_Won
3,-2,2686,Tree Based Mcts,Player_Won
3,-4,1330,Tree Based Mcts,Player_Won
3,-2,1226,Tree Based Mcts,Player_Won
3,1,0,Tree Based Mcts,Dealer_Won
3,9,0,Tree Based Mcts,Dealer_Won
3,1,1248,Tree Based Mcts,Dealer_Won
3,1,0,Tree Based Mcts,Dealer_Won
3,2,1099,Tree Based Mcts,Dealer_Won
3,3,0,Tree Based Mcts,Dealer_Won
3,-1,1176,Tree Based Mcts,Player_Won
3,1,0,Tree Based Mcts,Dealer_Won
3,1,1418,Tree Based Mcts,Dealer_Won
3,-5,1346,Tree Based Mcts,Player_Won
3,1,0,Tree Based Mcts,Dealer_Won
3,-4,1356,Tree Based Mcts,Player_Won
3,-2,2854,Tree Based Mcts,Player_Won
3,14,0,Tree Based Mcts,Dealer_Won
3,-5,1287,Tree Based Mcts,Player_Won
3,11,0,Tree Based Mcts,Dealer_Won
3,-3,1309,Tree Based Mcts,Player_Won
3,0,2022,Tree Based Mcts,Drawn
3,4,0,Tree Based Mcts,Dealer_Won
3,-2,1439,Tree Based Mcts,Player_Won
3,3,0,Tree Based Mcts,Dealer_Won
3,-1,1222,Tree Based Mcts,Player_Won
3,3,0,Tree Based Mcts,Dealer_Won
3,-1,2510,Tree Based Mcts,Player_Won
3,-1,1251,Tree Based Mcts,Player_Won
3,8,0,Tree Based Mcts,Dealer_Won
3,0,2397,Tree Based Mcts,Drawn
3,0,2404,Tree Based Mcts,Drawn
3,2,1374,Tree Based Mcts,Dealer_Won
3,-2,4964,Tree Based Mcts,Player_Won
3,-1,1120,Tree Based Mcts,Player_Won
3,-2,4379,Tree Based Mcts,Player_Won
3,-2,2414,Tree Based Mcts,Player_Won
3,7,0,Tree Based Mcts,Dealer_Won
3,1,0,Tree Based Mcts,Dealer_Won
3,0,1183,Tree Based Mcts,Drawn
3,-3,1377,Tree Based Mcts,Player_Won
3,0,0,Tree Based Mcts,Drawn
3,-1,1487,Tree Based Mcts,Player_Won
3,-2,1145,Tree Based Mcts,Player_Won
3,2,2698,Tree Based Mcts,Dealer_Won
3,1,0,Tree Based Mcts,Dealer_Won
3,1,0,Tree Based Mcts,Dealer_Won
3,2,1387,Tree Based Mcts,Dealer_Won