export_dataframe_tree_2
Gamesize,AIscore,NodesProcessed,AI,Result
2,6,0,Tree Based Mcts,Dealer_Won
2,-1,2713,Tree Based Mcts,Player_Won
2,-2,1522,Tree Based Mcts,Player_Won
2,-1,4794,Tree Based Mcts,Player_Won
2,6,0,Tree Based Mcts,Dealer_Won
2,6,0,Tree Based Mcts,Dealer_Won
2,-1,3561,Tree Based Mcts,Player_Won
2,0,1136,Tree Based Mcts,Drawn
2,-5,2143,Tree Based Mcts,Player_Won
2,1,0,Tree Based Mcts,Dealer_Won
2,0,3545,Tree Based Mcts,Drawn
2,-1,3313,Tree Based Mcts,Player_Won
2,1,0,Tree Based Mcts,Dealer_Won
2,2,0,Tree Based Mcts,Dealer_Won
2,0,0,Tree Based Mcts,Drawn
2,-2,2664,Tree Based Mcts,Player_Won
2,-1,1384,Tree Based Mcts,Player_Won
2,-3,1357,Tree Based Mcts,Player_Won
2,0,1052,Tree Based Mcts,Drawn
2,-3,2811,Tree Based Mcts,Player_Won
2,-1,2586,Tree Based Mcts,Player_Won
2,-1,1390,Tree Based Mcts,Player_Won
2,-2,1245,Tree Based Mcts,Player_Won
2,1,0,Tree Based Mcts,Dealer_Won
2,0,5535,Tree Based Mcts,Player_Won
2,0,1245,Tree Based Mcts,Drawn
2,-1,2692,Tree Based Mcts,Player_Won
2,1,1089,Tree Based Mcts,Dealer_Won
2,1,1392,Tree Based Mcts,Dealer_Won
2,1,0,Tree Based Mcts,Dealer_Won
2,7,0,Tree Based Mcts,Dealer_Won
2,-2,4131,Tree Based Mcts,Player_Won
2,14,0,Tree Based Mcts,Dealer_Won
2,-4,1552,Tree Based Mcts,Player_Won
2,-2,2837,Tree Based Mcts,Player_Won
2,4,0,Tree Based Mcts,Dealer_Won
2,-2,1250,Tree Based Mcts,Player_Won
2,9,0,Tree Based Mcts,Dealer_Won
2,2,0,Tree Based Mcts,Dealer_Won
2,3,1326,Tree Based Mcts,Dealer_Won
2,-4,1415,Tree Based Mcts,Player_Won
2,-1,1348,Tree Based Mcts,Player_Won
2,-4,1367,Tree Based Mcts,Player_Won
2,-2,1366,Tree Based Mcts,Player_Won
2,7,0,Tree Based Mcts,Dealer_Won
2,-1,1162,Tree Based Mcts,Player_Won
2,-5,1348,Tree Based Mcts,Player_Won
2,-5,2128,Tree Based Mcts,Player_Won
2,2,1234,Tree Based Mcts,Dealer_Won
2,12,0,Tree Based Mcts,Dealer_Won
2,-5,1246,Tree Based Mcts,Player_Won
2,1,0,Tree Based Mcts,Dealer_Won
2,9,0,Tree Based Mcts,Dealer_Won
2,0,1174,Tree Based Mcts,Drawn
2,-3,2810,Tree Based Mcts,Player_Won
2,-2,2948,Tree Based Mcts,Player_Won
2,17,0,Tree Based Mcts,Dealer_Won
2,2,6512,Tree Based Mcts,Dealer_Won
2,8,0,Tree Based Mcts,Dealer_Won
2,-2,3046,Tree Based Mcts,Player_Won
2,10,0,Tree Based Mcts,Dealer_Won
2,-1,1412,Tree Based Mcts,Player_Won
2,-2,1430,Tree Based Mcts,Player_Won
2,0,2493,Tree Based Mcts,Drawn
2,0,1056,Tree Based Mcts,Drawn
2,1,0,Tree Based Mcts,Dealer_Won
2,3,1298,Tree Based Mcts,Dealer_Won
2,2,0,Tree Based Mcts,Dealer_Won
2,-1,1499,Tree Based Mcts,Player_Won
2,-2,2552,Tree Based Mcts,Player_Won
2,-1,1379,Tree Based Mcts,Player_Won
2,-1,2914,Tree Based Mcts,Player_Won
2,-3,1238,Tree Based Mcts,Player_Won
2,1,0,Tree Based Mcts,Dealer_Won
2,13,0,Tree Based Mcts,Dealer_Won
2,-1,2066,Tree Based Mcts,Player_Won
2,8,0,Tree Based Mcts,Dealer_Won
2,-1,2734,Tree Based Mcts,Player_Won
2,-5,3026,Tree Based Mcts,Player_Won
2,0,0,Tree Based Mcts,Drawn
2,6,0,Tree Based Mcts,Dealer_Won
2,-1,2414,Tree Based Mcts,Player_Won
2,1,0,Tree Based Mcts,Dealer_Won
2,-3,2863,Tree Based Mcts,Player_Won
2,8,0,Tree Based Mcts,Dealer_Won
2,4,0,Tree Based Mcts,Dealer_Won
2,9,0,Tree Based Mcts,Dealer_Won
2,12,0,Tree Based Mcts,Dealer_Won
2,-1,2531,Tree Based Mcts,Player_Won
2,-1,1526,Tree Based Mcts,Player_Won
2,12,0,Tree Based Mcts,Dealer_Won
2,-3,1439,Tree Based Mcts,Player_Won
2,-2,2608,Tree Based Mcts,Player_Won
2,8,0,Tree Based Mcts,Dealer_Won
2,-3,2856,Tree Based Mcts,Player_Won
2,-4,1411,Tree Based Mcts,Player_Won
2,6,0,Tree Based Mcts,Dealer_Won
2,-2,1396,Tree Based Mcts,Player_Won
2,8,0,Tree Based Mcts,Dealer_Won
2,8,0,Tree Based Mcts,Dealer_Won