export_dataframe_nn_5
Gamesize,AIscore,NodesProcessed,AI,Result
5,7,0,NN+Tree Based,Dealer_Won
5,10,259,NN+Tree Based,Dealer_Won
5,4,0,NN+Tree Based,Dealer_Won
5,8,0,NN+Tree Based,Dealer_Won
5,-2,2465,NN+Tree Based,Player_Won
5,7,617,NN+Tree Based,Dealer_Won
5,3,0,NN+Tree Based,Dealer_Won
5,-2,1847,NN+Tree Based,Player_Won
5,5,351,NN+Tree Based,Dealer_Won
5,4,570,NN+Tree Based,Dealer_Won
5,7,0,NN+Tree Based,Dealer_Won
5,-2,386,NN+Tree Based,Player_Won
5,4,0,NN+Tree Based,Dealer_Won
5,3,0,NN+Tree Based,Dealer_Won
5,8,0,NN+Tree Based,Dealer_Won
5,6,582,NN+Tree Based,Dealer_Won
5,6,240,NN+Tree Based,Dealer_Won
5,1,594,NN+Tree Based,Dealer_Won
5,0,1304,NN+Tree Based,Drawn
5,1,0,NN+Tree Based,Dealer_Won
5,-3,2728,NN+Tree Based,Player_Won
5,5,0,NN+Tree Based,Dealer_Won
5,8,0,NN+Tree Based,Dealer_Won
5,10,197,NN+Tree Based,Dealer_Won
5,-1,1081,NN+Tree Based,Player_Won
5,-2,635,NN+Tree Based,Player_Won
5,-4,717,NN+Tree Based,Player_Won
5,3,0,NN+Tree Based,Dealer_Won
5,-2,1841,NN+Tree Based,Player_Won
5,9,0,NN+Tree Based,Dealer_Won
5,7,0,NN+Tree Based,Dealer_Won
5,-3,775,NN+Tree Based,Player_Won
5,4,0,NN+Tree Based,Dealer_Won
5,11,0,NN+Tree Based,Dealer_Won
5,-1,1761,NN+Tree Based,Player_Won
5,1,0,NN+Tree Based,Dealer_Won
5,4,0,NN+Tree Based,Dealer_Won
5,-1,1361,NN+Tree Based,Player_Won
5,0,1945,NN+Tree Based,Drawn
5,6,0,NN+Tree Based,Dealer_Won
5,2,0,NN+Tree Based,Dealer_Won
5,5,0,NN+Tree Based,Dealer_Won
5,10,272,NN+Tree Based,Dealer_Won
5,8,0,NN+Tree Based,Dealer_Won
5,-1,1586,NN+Tree Based,Player_Won
5,3,678,NN+Tree Based,Dealer_Won
5,-2,687,NN+Tree Based,Player_Won
5,3,762,NN+Tree Based,Dealer_Won
5,2,0,NN+Tree Based,Dealer_Won
5,14,0,NN+Tree Based,Dealer_Won
5,6,0,NN+Tree Based,Dealer_Won
5,5,0,NN+Tree Based,Dealer_Won
5,4,0,NN+Tree Based,Dealer_Won
5,-2,824,NN+Tree Based,Player_Won
5,0,446,NN+Tree Based,Drawn
5,1,533,NN+Tree Based,Dealer_Won
5,-2,615,NN+Tree Based,Player_Won
5,14,0,NN+Tree Based,Dealer_Won
5,7,510,NN+Tree Based,Dealer_Won
5,-3,957,NN+Tree Based,Player_Won
5,2,0,NN+Tree Based,Dealer_Won
5,-4,2695,NN+Tree Based,Player_Won
5,8,0,NN+Tree Based,Dealer_Won
5,2,0,NN+Tree Based,Dealer_Won
5,-2,1542,NN+Tree Based,Player_Won
5,10,0,NN+Tree Based,Dealer_Won
5,-1,1767,NN+Tree Based,Player_Won
5,0,505,NN+Tree Based,Drawn
5,1,1586,NN+Tree Based,Dealer_Won
5,5,423,NN+Tree Based,Dealer_Won
5,1,3759,NN+Tree Based,Dealer_Won
5,1,1053,NN+Tree Based,Dealer_Won
5,2,0,NN+Tree Based,Dealer_Won
5,4,0,NN+Tree Based,Dealer_Won
5,4,259,NN+Tree Based,Dealer_Won
5,1,761,NN+Tree Based,Dealer_Won
5,0,1568,NN+Tree Based,Drawn
5,1,2551,NN+Tree Based,Dealer_Won
5,0,2087,NN+Tree Based,Drawn
5,-3,1673,NN+Tree Based,Player_Won
5,-2,559,NN+Tree Based,Player_Won
5,4,0,NN+Tree Based,Dealer_Won
5,15,0,NN+Tree Based,Dealer_Won
5,3,782,NN+Tree Based,Dealer_Won
5,10,0,NN+Tree Based,Dealer_Won
5,-1,543,NN+Tree Based,Player_Won
5,16,0,NN+Tree Based,Dealer_Won
5,0,1289,NN+Tree Based,Drawn
5,-3,968,NN+Tree Based,Player_Won
5,6,0,NN+Tree Based,Dealer_Won
5,-1,480,NN+Tree Based,Player_Won
5,7,0,NN+Tree Based,Dealer_Won
5,4,0,NN+Tree Based,Dealer_Won
5,6,0,NN+Tree Based,Dealer_Won
5,8,0,NN+Tree Based,Dealer_Won
5,2,851,NN+Tree Based,Dealer_Won
5,9,0,NN+Tree Based,Dealer_Won
5,-1,452,NN+Tree Based,Player_Won
5,-1,794,NN+Tree Based,Player_Won
5,2,0,NN+Tree Based,Dealer_Won